{"eval/steps_per_second":0.759,"_timestamp":1.7445404832318509e+09,"train_samples_per_second":36.336,"train/grad_norm":53707.01171875,"train/loss":0.0185,"train/epoch":6.99581589958159,"eval/loss":0.047422442585229874,"_step":15,"_runtime":21418.622417233,"test/runtime":117.1387,"eval/samples_per_second":54.627,"train_runtime":21299.5834,"_wandb":{"runtime":21553},"train_loss":0.7513017534639277,"train_steps_per_second":0.042,"eval/runtime":114.559,"test/steps_per_second":0.76,"train/global_step":418,"total_flos":9.43730722238546e+16,"test/samples_per_second":54.124,"train/learning_rate":1.3192090395480226e-05}